﻿Associations,Peer Group,Votre réponse
SVVK-ASIR (Swiss association for responsible investments),19,-
SSF (Swiss Sustainable Finance),21,-
CA100+ (Initiative Climate Action 100+),28.000000000000004,-
SBTi (Science Based Targets Initative),1,-
Katowice Banks,0,-
UN PRI (UN Principles for Responsible Investment),23,-
UNEP-Fi (United Nations Environment Programme Finance Initiative),0,-
PRB (Principles for Responsible Banking),0,-
AOA (Net-Zero Asset Owner Alliance),0,-
Autre organisation qui mène le dialogue avec les entreprises,16,-
Other (please specify),43,-
